{"entities":{"pages":{"S3_introduction":{"id":"S3_introduction","title":"Amazon S3","url":"s3-introduction.html","level":0,"tabIndex":0},"S3_Introduction_demo":{"id":"S3_Introduction_demo","title":"Creating a Bucket Demo","url":"s3-introduction-demo.html","level":0,"tabIndex":1},"S3_storage_Class":{"id":"S3_storage_Class","title":"S3 Storage Classes","url":"s3-storage-class.html","level":0,"tabIndex":2},"S3_CLI":{"id":"S3_CLI","title":"Using CLI","url":"s3-cli.html","level":0,"tabIndex":3}}},"topLevelIds":["S3_introduction","S3_Introduction_demo","S3_storage_Class","S3_CLI"]}